,Names,Chinese,Math,English,Total,Average,Æ«¿Æ³Ì¶È
0,Bob,85,95,60,240,80.0,13.333333333333334
1,Jessica,60,85,80,225,75.0,10.0
2,Mary,76,92,85,253,84.33333333333333,5.555555555555557
3,John,76,76,76,228,76.0,0.0
4,Mel,60,92,85,237,79.0,12.666666666666666
5,fx,95,92,60,247,82.33333333333333,14.888888888888891
